,Zone,Year,Date,Above Danger,Near Danger,Below Danger
0,4,2021,2021/04/12 6:28 AM,1,1,1
1,4,2021,2021/04/11 6:31 AM,1,1,1
2,4,2021,2021/04/10 5:51 AM,1,1,1
3,4,2021,2021/04/09 6:15 AM,1,1,1
4,4,2021,2021/04/08 6:58 AM,1,2,2
5,4,2021,2021/04/07 6:21 AM,1,1,2
6,4,2021,2021/04/06 6:49 AM,2,2,3
7,4,2021,2021/04/05 6:16 AM,3,3,3
8,4,2021,2021/04/04 6:23 AM,3,3,3
9,4,2021,2021/04/03 6:49 AM,2,2,3
10,4,2021,2021/04/02 7:22 AM,2,2,2
11,4,2021,2021/04/01 5:57 AM,2,2,1
12,4,2021,2021/03/31 6:24 AM,2,2,1
13,4,2021,2021/03/30 6:27 AM,2,2,1
14,4,2021,2021/03/29 6:06 AM,2,2,2
15,4,2021,2021/03/28 6:48 AM,2,2,2
16,4,2021,2021/03/27 7:18 AM,2,2,2
17,4,2021,2021/03/26 7:15 AM,2,2,2
18,4,2021,2021/03/25 6:53 AM,2,2,2
19,4,2021,2021/03/24 7:14 AM,2,1,1
20,4,2021,2021/03/23 6:46 AM,2,1,1
21,4,2021,2021/03/22 6:55 AM,2,1,1
22,4,2021,2021/03/21 6:57 AM,2,1,1
23,4,2021,2021/03/20 7:16 AM,1,2,2
24,4,2021,2021/03/19 6:35 AM,2,2,2
25,4,2021,2021/03/18 6:53 AM,2,2,2
26,4,2021,2021/03/17 6:30 AM,2,2,1
27,4,2021,2021/03/16 7:30 AM,3,3,2
28,4,2021,2021/03/15 7:13 AM,3,3,2
29,4,2021,2021/03/14 7:15 AM,3,3,3
30,4,2021,2021/03/13 7:53 AM,2,2,2
31,4,2021,2021/03/12 7:25 AM,2,2,1
32,4,2021,2021/03/11 6:42 AM,2,2,1
33,4,2021,2021/03/10 7:57 AM,2,2,1
34,4,2021,2021/03/09 6:57 AM,2,2,2
35,4,2021,2021/03/08 7:08 AM,2,2,2
36,4,2021,2021/03/07 6:44 AM,2,2,2
37,4,2021,2021/03/06 6:42 AM,2,2,2
38,4,2021,2021/03/05 6:42 AM,2,2,2
39,4,2021,2021/03/04 7:36 AM,2,2,2
40,4,2021,2021/03/03 6:37 AM,2,2,2
41,4,2021,2021/03/02 6:44 AM,2,2,2
42,4,2021,2021/03/01 7:02 AM,2,2,2
43,4,2021,2021/02/28 6:59 AM,2,2,2
44,4,2021,2021/02/27 6:24 AM,2,2,2
45,4,2021,2021/02/26 6:51 AM,2,2,2
46,4,2021,2021/02/25 6:01 AM,2,2,2
47,4,2021,2021/02/24 7:48 AM,3,3,2
48,4,2021,2021/02/23 7:09 AM,3,3,2
49,4,2021,2021/02/22 7:00 AM,3,3,2
50,4,2021,2021/02/21 7:06 AM,3,3,3
51,4,2021,2021/02/20 7:18 AM,3,3,2
52,4,2021,2021/02/19 7:05 AM,3,3,3
53,4,2021,2021/02/18 7:11 AM,3,3,3
54,4,2021,2021/02/17 6:33 AM,3,3,3
55,4,2021,2021/02/16 7:18 AM,3,3,3
56,4,2021,2021/02/15 7:29 AM,3,3,3
57,4,2021,2021/02/14 7:14 AM,3,3,3
58,4,2021,2021/02/13 7:21 AM,4,4,4
59,4,2021,2021/02/12 7:28 AM,3,3,3
60,4,2021,2021/02/11 6:33 AM,3,3,3
61,4,2021,2021/02/10 7:35 AM,3,3,3
62,4,2021,2021/02/09 7:03 AM,3,3,3
63,4,2021,2021/02/08 7:11 AM,3,3,3
64,4,2021,2021/02/07 7:17 AM,3,3,3
65,4,2021,2021/02/06 7:00 AM,3,3,3
66,4,2021,2021/02/05 7:28 AM,4,3,3
67,4,2021,2021/02/04 6:40 AM,4,4,4
68,4,2021,2021/02/03 7:32 AM,4,4,4
69,4,2021,2021/02/02 7:01 AM,3,3,2
70,4,2021,2021/02/01 6:38 AM,3,3,2
71,4,2021,2021/01/31 7:24 AM,3,3,2
72,4,2021,2021/01/30 7:12 AM,3,3,2
73,4,2021,2021/01/29 6:46 AM,2,2,2
74,4,2021,2021/01/28 6:50 AM,3,3,2
75,4,2021,2021/01/27 7:43 AM,3,2,2
76,4,2021,2021/01/26 7:28 AM,2,2,2
77,4,2021,2021/01/25 6:55 AM,2,2,2
78,4,2021,2021/01/24 7:01 AM,2,2,2
79,4,2021,2021/01/23 7:18 AM,2,2,2
80,4,2021,2021/01/22 7:01 AM,2,2,1
81,4,2021,2021/01/21 6:52 AM,1,2,1
82,4,2021,2021/01/20 6:29 AM,1,2,1
83,4,2021,2021/01/19 6:57 AM,1,2,1
84,4,2021,2021/01/18 6:49 AM,1,2,1
85,4,2021,2021/01/17 7:30 AM,2,2,1
86,4,2021,2021/01/16 6:37 AM,2,2,2
87,4,2021,2021/01/15 6:22 AM,2,2,2
88,4,2021,2021/01/14 6:55 AM,2,2,2
89,4,2021,2021/01/13 7:03 AM,2,2,2
90,4,2021,2021/01/12 6:58 AM,2,2,2
91,4,2021,2021/01/11 7:06 AM,2,2,2
92,4,2021,2021/01/10 6:30 AM,2,2,2
93,4,2021,2021/01/09 7:02 AM,2,2,2
94,4,2021,2021/01/08 7:05 AM,2,2,2
95,4,2021,2021/01/07 7:13 AM,2,2,2
96,4,2021,2021/01/06 7:20 AM,2,2,2
97,4,2021,2021/01/05 7:05 AM,2,2,2
98,4,2021,2021/01/04 6:58 AM,2,2,2
99,4,2021,2021/01/03 7:05 AM,2,2,2
100,4,2021,2021/01/02 6:33 AM,3,3,2
101,4,2021,2021/01/01 6:50 AM,3,3,2
102,4,2020,2020/12/31 6:56 AM,3,3,3
103,4,2020,2020/12/30 6:50 AM,3,3,3
104,4,2020,2020/12/29 7:27 AM,4,4,3
105,4,2020,2020/12/28 7:17 AM,3,3,2
106,4,2020,2020/12/27 7:11 AM,3,3,2
107,4,2020,2020/12/26 7:01 AM,3,3,2
108,4,2020,2020/12/25 6:48 AM,3,3,2
109,4,2020,2020/12/24 7:09 AM,3,3,3
110,4,2020,2020/12/23 7:20 AM,3,3,3
111,4,2020,2020/12/22 6:31 AM,3,3,3
112,4,2020,2020/12/21 7:51 AM,3,3,3
113,4,2020,2020/12/20 7:25 AM,3,3,3
114,4,2020,2020/12/19 7:33 AM,3,3,2
115,4,2020,2020/12/18 7:19 AM,3,3,2
116,4,2020,2020/12/17 7:01 AM,3,3,2
117,4,2020,2020/12/16 7:36 AM,3,3,2
118,4,2020,2020/12/15 7:11 AM,3,3,2
119,4,2020,2020/12/14 6:21 AM,3,3,2
120,4,2020,2020/12/13 7:15 AM,3,3,2
121,4,2020,2020/12/12 7:16 AM,3,3,2
122,4,2020,2020/12/11 7:19 AM,2,2,1
123,4,2020,2020/12/10 6:41 AM,1,1,1
124,4,2020,2020/12/09 5:52 AM,1,1,1
125,4,2020,2020/12/08 6:44 AM,1,1,1
126,4,2020,2020/12/07 6:10 AM,1,1,1
127,4,2020,2020/12/06 5:58 AM,1,1,1
128,4,2020,2020/12/05 6:43 AM,1,1,1
129,4,2020,2020/12/04 5:35 AM,1,1,1
130,4,2020,2020/12/03 6:17 AM,1,1,1
131,4,2020,2020/12/02 6:35 AM,1,1,1
132,4,2020,2020/12/01 6:33 AM,1,1,1
133,4,2020,2020/11/30 6:34 AM,1,1,1
134,4,2020,2020/11/29 7:01 AM,1,1,1
135,4,2020,2020/11/28 6:57 AM,1,1,1
136,4,2020,2020/11/27 6:40 AM,1,1,1
137,4,2020,2020/11/26 6:17 AM,1,1,1
138,4,2020,2020/11/25 6:57 AM,1,1,1
139,4,2020,2020/11/24 7:31 AM,1,1,1
140,4,2020,2020/11/23 6:49 AM,1,1,1
141,4,2020,2020/11/22 6:32 AM,1,1,1
142,4,2020,2020/11/21 6:53 AM,1,1,1
143,4,2020,2020/11/20 6:38 AM,1,1,1
144,4,2020,2020/11/19 6:30 AM,1,1,1
145,4,2020,2020/11/18 6:34 AM,2,2,1
146,4,2020,2020/11/17 6:59 AM,2,2,1
147,4,2020,2020/11/16 6:51 AM,2,2,1
148,4,2020,2020/11/15 7:04 AM,2,2,1
149,4,2020,2020/11/14 6:51 AM,2,2,1
150,4,2020,2020/11/13 6:18 AM,1,1,1
151,4,2020,2020/10/31 6:49 AM,0,0,0
152,4,2020,2020/10/30 9:15 AM,4,4,4
153,4,2020,2020/10/28 1:46 PM,1,1,1
154,4,2020,2020/10/27 12:02 PM,1,1,1
155,4,2020,2020/10/26 2:01 PM,1,1,1
156,4,2020,2020/06/03 12:50 PM,0,0,0
157,4,2020,2020/05/30 3:09 PM,0,0,0
158,4,2020,2020/04/12 6:56 AM,2,2,1
159,4,2020,2020/04/11 6:45 AM,2,2,2
160,4,2020,2020/04/10 6:51 AM,2,2,2
161,4,2020,2020/04/09 7:04 AM,2,2,2
162,4,2020,2020/04/08 7:08 AM,2,2,2
163,4,2020,2020/04/07 6:46 AM,2,2,2
164,4,2020,2020/04/06 6:47 AM,2,2,2
165,4,2020,2020/04/05 6:54 AM,2,2,2
166,4,2020,2020/04/04 6:38 AM,2,2,2
167,4,2020,2020/04/03 6:36 AM,2,2,1
168,4,2020,2020/04/02 6:27 AM,2,2,1
169,4,2020,2020/04/01 6:51 AM,2,2,2
170,4,2020,2020/03/31 6:55 AM,2,2,2
171,4,2020,2020/03/30 6:48 AM,2,2,1
172,4,2020,2020/03/29 6:40 AM,2,2,1
173,4,2020,2020/03/28 6:44 AM,2,2,1
174,4,2020,2020/03/27 6:53 AM,2,2,1
175,4,2020,2020/03/26 7:55 AM,2,2,1
176,4,2020,2020/03/25 6:51 AM,2,2,1
177,4,2020,2020/03/24 6:40 AM,2,2,1
178,4,2020,2020/03/23 6:51 AM,2,2,1
179,4,2020,2020/03/22 6:59 AM,2,2,2
180,4,2020,2020/03/21 7:08 AM,2,2,2
181,4,2020,2020/03/20 6:22 AM,3,3,3
182,4,2020,2020/03/19 6:26 AM,3,3,3
183,4,2020,2020/03/18 6:41 AM,1,1,2
184,4,2020,2020/03/17 7:04 AM,1,2,2
185,4,2020,2020/03/16 6:37 AM,2,2,2
186,4,2020,2020/03/15 6:42 AM,2,2,2
187,4,2020,2020/03/14 7:09 AM,2,2,2
188,4,2020,2020/03/13 7:04 AM,2,2,2
189,4,2020,2020/03/12 7:11 AM,1,2,2
190,4,2020,2020/03/11 6:46 AM,1,1,1
191,4,2020,2020/03/10 7:12 AM,1,1,2
192,4,2020,2020/03/09 6:53 AM,1,1,1
193,4,2020,2020/03/08 6:37 AM,1,1,1
194,4,2020,2020/03/07 6:21 AM,1,1,1
195,4,2020,2020/03/06 7:14 AM,1,1,1
196,4,2020,2020/03/05 7:00 AM,2,2,2
197,4,2020,2020/03/04 7:12 AM,2,2,2
198,4,2020,2020/03/03 6:59 AM,2,2,2
199,4,2020,2020/03/02 7:03 AM,2,2,2
200,4,2020,2020/03/01 6:47 AM,2,2,1
201,4,2020,2020/02/29 6:34 AM,2,2,1
202,4,2020,2020/02/28 6:19 AM,2,2,1
203,4,2020,2020/02/27 6:38 AM,2,2,2
204,4,2020,2020/02/26 6:51 AM,2,2,2
205,4,2020,2020/02/25 6:35 AM,3,3,2
206,4,2020,2020/02/24 6:32 AM,3,3,2
207,4,2020,2020/02/23 6:44 AM,2,2,2
208,4,2020,2020/02/22 7:16 AM,2,2,2
209,4,2020,2020/02/21 7:27 AM,2,2,2
210,4,2020,2020/02/20 6:47 AM,2,2,2
211,4,2020,2020/02/19 6:51 AM,2,2,2
212,4,2020,2020/02/18 6:31 AM,2,2,2
213,4,2020,2020/02/17 6:55 AM,3,3,2
214,4,2020,2020/02/16 7:00 AM,2,2,2
215,4,2020,2020/02/15 6:56 AM,2,2,2
216,4,2020,2020/02/14 7:12 AM,2,2,2
217,4,2020,2020/02/13 6:03 AM,2,2,2
218,4,2020,2020/02/12 6:43 AM,2,2,2
219,4,2020,2020/02/11 6:50 AM,2,2,2
220,4,2020,2020/02/10 6:55 AM,2,2,2
221,4,2020,2020/02/09 7:00 AM,3,3,3
222,4,2020,2020/02/08 6:59 AM,4,4,3
223,4,2020,2020/02/07 7:18 AM,4,4,4
224,4,2020,2020/02/06 7:22 AM,3,3,2
225,4,2020,2020/02/05 6:53 AM,2,2,1
226,4,2020,2020/02/04 7:15 AM,2,2,1
227,4,2020,2020/02/03 7:02 AM,2,2,1
228,4,2020,2020/02/02 6:49 AM,2,2,1
229,4,2020,2020/02/01 6:54 AM,2,2,2
230,4,2020,2020/01/31 7:17 AM,2,2,2
231,4,2020,2020/01/30 6:57 AM,2,2,2
232,4,2020,2020/01/29 7:17 AM,2,2,2
233,4,2020,2020/01/28 7:07 AM,2,2,2
234,4,2020,2020/01/27 6:34 AM,2,2,2
235,4,2020,2020/01/26 6:52 AM,2,2,2
236,4,2020,2020/01/25 7:25 AM,2,2,2
237,4,2020,2020/01/24 7:23 AM,3,3,2
238,4,2020,2020/01/23 7:07 AM,3,3,2
239,4,2020,2020/01/22 6:59 AM,2,2,2
240,4,2020,2020/01/21 6:57 AM,2,2,2
241,4,2020,2020/01/20 5:49 AM,2,2,2
242,4,2020,2020/01/19 6:37 AM,2,2,2
243,4,2020,2020/01/18 7:33 AM,3,3,3
244,4,2020,2020/01/17 7:00 AM,2,2,2
245,4,2020,2020/01/16 6:21 AM,2,2,2
246,4,2020,2020/01/15 6:57 AM,3,3,2
247,4,2020,2020/01/14 6:48 AM,3,3,2
248,4,2020,2020/01/13 7:14 AM,3,3,2
249,4,2020,2020/01/12 7:02 AM,2,2,1
250,4,2020,2020/01/11 7:38 AM,2,2,1
251,4,2020,2020/01/10 6:48 AM,2,2,1
252,4,2020,2020/01/09 7:07 AM,2,2,1
253,4,2020,2020/01/08 6:43 AM,2,2,1
254,4,2020,2020/01/07 6:30 AM,2,2,1
255,4,2020,2020/01/06 6:56 AM,2,2,2
256,4,2020,2020/01/05 6:55 AM,2,2,2
257,4,2020,2020/01/04 6:36 AM,2,2,2
258,4,2020,2020/01/03 7:03 AM,3,2,2
259,4,2020,2020/01/02 7:14 AM,3,3,2
260,4,2020,2020/01/01 7:08 AM,2,2,1
261,4,2019,2019/12/31 6:55 AM,2,2,1
262,4,2019,2019/12/30 6:56 AM,2,2,2
263,4,2019,2019/12/29 6:53 AM,2,2,2
264,4,2019,2019/12/28 7:30 AM,2,2,2
265,4,2019,2019/12/27 7:03 AM,2,2,1
266,4,2019,2019/12/26 6:53 AM,2,2,1
267,4,2019,2019/12/25 6:59 AM,2,2,2
268,4,2019,2019/12/24 6:38 AM,2,2,2
269,4,2019,2019/12/23 6:29 AM,2,2,2
270,4,2019,2019/12/22 6:44 AM,2,2,2
271,4,2019,2019/12/21 6:54 AM,2,2,2
272,4,2019,2019/12/20 6:46 AM,2,2,2
273,4,2019,2019/12/19 7:02 AM,2,2,2
274,4,2019,2019/12/18 7:12 AM,2,2,2
275,4,2019,2019/12/17 6:10 AM,3,3,3
276,4,2019,2019/12/16 6:32 AM,3,3,3
277,4,2019,2019/12/15 6:56 AM,3,3,3
278,4,2019,2019/12/14 6:30 AM,4,4,4
279,4,2019,2019/12/13 7:31 AM,4,4,4
280,4,2019,2019/12/12 7:37 AM,2,2,2
281,4,2019,2019/12/11 7:15 AM,3,3,2
282,4,2019,2019/12/10 7:11 AM,3,3,3
283,4,2019,2019/12/09 6:56 AM,3,3,3
284,4,2019,2019/12/08 6:59 AM,3,3,3
285,4,2019,2019/12/07 7:20 AM,2,2,2
286,4,2019,2019/12/06 6:42 AM,3,3,3
287,4,2019,2019/12/05 7:18 AM,3,3,3
288,4,2019,2019/12/04 6:57 AM,2,2,2
289,4,2019,2019/12/03 6:50 AM,2,2,2
290,4,2019,2019/12/02 7:13 AM,3,3,2
291,4,2019,2019/12/01 6:57 AM,3,3,2
292,4,2019,2019/11/30 6:55 AM,3,3,2
293,4,2019,2019/11/29 7:17 AM,2,2,1
294,4,2019,2019/11/28 6:56 AM,2,2,1
295,4,2019,2019/11/27 7:10 AM,3,3,1
296,4,2019,2019/11/26 7:46 AM,3,3,1
297,4,2019,2019/11/25 7:37 AM,2,2,1
298,4,2019,2019/11/24 5:40 PM,2,2,1
299,4,2019,2019/11/07 7:30 AM,4,4,4
300,4,2019,2019/11/06 5:41 AM,2,1,1
301,4,2019,2019/11/05 7:36 PM,1,1,1
302,4,2019,2019/07/11 9:37 AM,0,0,0
303,4,2019,2019/05/01 6:04 AM,2,2,2
304,4,2019,2019/04/30 6:22 AM,3,3,2
305,4,2019,2019/04/29 7:29 AM,2,2,2
306,4,2019,2019/04/28 6:59 AM,1,2,2
307,4,2019,2019/04/27 6:49 AM,2,2,2
308,4,2019,2019/04/26 6:32 AM,2,2,2
309,4,2019,2019/04/25 6:44 AM,2,2,2
310,4,2019,2019/04/24 6:56 AM,1,2,2
311,4,2019,2019/04/23 6:11 AM,1,1,1
312,4,2019,2019/04/22 6:49 AM,1,1,1
313,4,2019,2019/04/21 6:56 AM,1,2,2
314,4,2019,2019/04/20 7:15 AM,1,2,2
315,4,2019,2019/04/19 6:20 AM,1,1,1
316,4,2019,2019/04/18 6:20 AM,1,1,1
317,4,2019,2019/04/17 6:16 AM,1,1,1
318,4,2019,2019/04/16 6:39 AM,1,2,2
319,4,2019,2019/04/15 7:06 AM,2,2,2
320,4,2019,2019/04/14 6:59 AM,1,2,2
321,4,2019,2019/04/13 7:13 AM,2,1,1
322,4,2019,2019/04/12 7:25 AM,2,2,1
323,4,2019,2019/04/11 7:01 AM,3,3,2
324,4,2019,2019/04/10 7:20 AM,3,2,1
325,4,2019,2019/04/09 7:20 AM,1,2,2
326,4,2019,2019/04/08 6:44 AM,1,2,2
327,4,2019,2019/04/07 6:48 AM,1,1,1
328,4,2019,2019/04/06 6:29 AM,1,1,1
329,4,2019,2019/04/05 6:23 AM,1,1,1
330,4,2019,2019/04/04 6:49 AM,2,1,1
331,4,2019,2019/04/03 7:03 AM,2,1,1
332,4,2019,2019/04/02 6:33 AM,1,1,1
333,4,2019,2019/04/01 6:29 AM,1,1,1
334,4,2019,2019/03/31 6:31 AM,1,1,1
335,4,2019,2019/03/30 6:33 AM,1,1,1
336,4,2019,2019/03/29 7:04 AM,1,1,1
337,4,2019,2019/03/28 6:39 AM,1,2,2
338,4,2019,2019/03/27 7:01 AM,2,2,2
339,4,2019,2019/03/26 6:47 AM,2,2,2
340,4,2019,2019/03/25 7:00 AM,1,2,2
341,4,2019,2019/03/24 7:13 AM,1,1,1
342,4,2019,2019/03/23 6:34 AM,2,2,1
343,4,2019,2019/03/22 6:41 AM,2,2,1
344,4,2019,2019/03/21 7:13 AM,2,2,1
345,4,2019,2019/03/20 6:33 AM,2,2,2
346,4,2019,2019/03/19 6:57 AM,2,2,2
347,4,2019,2019/03/18 7:15 AM,2,2,2
348,4,2019,2019/03/17 6:48 AM,2,2,2
349,4,2019,2019/03/16 7:40 AM,3,3,2
350,4,2019,2019/03/15 6:57 AM,3,3,3
351,4,2019,2019/03/14 7:06 AM,3,3,3
352,4,2019,2019/03/13 6:34 AM,4,4,4
353,4,2019,2019/03/12 7:42 AM,3,3,3
354,4,2019,2019/03/11 7:23 AM,3,3,3
355,4,2019,2019/03/10 7:28 AM,4,4,4
356,4,2019,2019/03/09 7:13 AM,4,4,4
357,4,2019,2019/03/08 6:58 AM,4,4,4
358,4,2019,2019/03/07 7:26 AM,5,5,5
359,4,2019,2019/03/06 7:37 AM,3,3,3
360,4,2019,2019/03/05 7:29 AM,3,3,3
361,4,2019,2019/03/04 7:07 AM,4,4,3
362,4,2019,2019/03/03 7:11 AM,4,4,3
363,4,2019,2019/03/02 7:21 AM,4,3,3
364,4,2019,2019/03/01 7:03 AM,3,3,2
365,4,2019,2019/02/28 7:19 AM,2,2,1
366,4,2019,2019/02/27 7:03 AM,2,2,1
367,4,2019,2019/02/26 7:04 AM,2,2,2
368,4,2019,2019/02/25 7:11 AM,2,2,2
369,4,2019,2019/02/24 6:51 AM,2,2,2
370,4,2019,2019/02/23 7:34 AM,2,2,2
371,4,2019,2019/02/22 7:04 AM,2,2,2
372,4,2019,2019/02/21 7:09 AM,2,2,2
373,4,2019,2019/02/20 6:53 AM,2,2,2
374,4,2019,2019/02/19 6:20 AM,2,2,2
375,4,2019,2019/02/18 7:23 AM,3,3,2
376,4,2019,2019/02/17 7:06 AM,3,3,2
377,4,2019,2019/02/16 7:35 AM,3,3,2
378,4,2019,2019/02/15 7:17 AM,3,3,3
379,4,2019,2019/02/14 7:12 AM,3,2,2
380,4,2019,2019/02/13 7:33 AM,2,2,2
381,4,2019,2019/02/12 7:08 AM,2,2,2
382,4,2019,2019/02/11 7:01 AM,2,2,2
383,4,2019,2019/02/10 7:09 AM,2,2,2
384,4,2019,2019/02/09 6:33 AM,3,2,2
385,4,2019,2019/02/08 7:22 AM,3,3,3
386,4,2019,2019/02/07 6:30 AM,3,3,3
387,4,2019,2019/02/06 7:18 AM,4,4,4
388,4,2019,2019/02/05 7:44 AM,3,3,3
389,4,2019,2019/02/04 6:56 AM,3,3,2
390,4,2019,2019/02/03 6:50 AM,3,3,3
391,4,2019,2019/02/02 7:19 AM,2,2,2
392,4,2019,2019/02/01 7:22 AM,2,2,2
393,4,2019,2019/01/31 6:45 AM,2,2,2
394,4,2019,2019/01/30 6:43 AM,2,2,2
395,4,2019,2019/01/29 7:19 AM,2,2,2
396,4,2019,2019/01/28 7:11 AM,2,2,2
397,4,2019,2019/01/27 7:13 AM,3,3,2
398,4,2019,2019/01/26 7:11 AM,3,3,2
399,4,2019,2019/01/25 7:18 AM,3,3,2
400,4,2019,2019/01/24 7:26 AM,3,3,2
401,4,2019,2019/01/23 6:41 AM,3,3,3
402,4,2019,2019/01/22 7:18 AM,3,3,3
403,4,2019,2019/01/21 6:48 AM,3,3,2
404,4,2019,2019/01/20 7:07 AM,3,3,3
405,4,2019,2019/01/19 7:14 AM,3,3,3
406,4,2019,2019/01/18 7:00 AM,4,4,4
407,4,2019,2019/01/17 7:24 AM,3,3,3
408,4,2019,2019/01/16 7:26 AM,4,4,4
409,4,2019,2019/01/15 7:18 AM,2,2,2
410,4,2019,2019/01/14 6:31 AM,2,2,2
411,4,2019,2019/01/13 6:33 AM,2,2,2
412,4,2019,2019/01/12 7:29 AM,2,2,2
413,4,2019,2019/01/11 7:29 AM,2,2,2
414,4,2019,2019/01/10 7:39 AM,3,3,3
415,4,2019,2019/01/09 7:00 AM,3,3,3
416,4,2019,2019/01/08 6:44 AM,3,3,3
417,4,2019,2019/01/07 7:35 AM,4,4,4
418,4,2019,2019/01/06 7:36 AM,3,3,3
419,4,2019,2019/01/05 7:40 AM,2,2,1
420,4,2019,2019/01/04 7:07 AM,2,2,1
421,4,2019,2019/01/03 7:13 AM,2,2,2
422,4,2019,2019/01/02 7:06 AM,2,2,2
423,4,2019,2019/01/01 7:37 AM,2,2,2
424,4,2018,2018/12/31 7:47 AM,2,2,2
425,4,2018,2018/12/30 7:25 AM,2,2,2
426,4,2018,2018/12/29 7:14 AM,2,2,2
427,4,2018,2018/12/28 6:55 AM,2,2,2
428,4,2018,2018/12/27 7:16 AM,3,3,2
429,4,2018,2018/12/26 7:40 AM,3,3,3
430,4,2018,2018/12/25 7:31 AM,3,3,3
431,4,2018,2018/12/24 7:20 AM,3,3,2
432,4,2018,2018/12/23 7:19 AM,2,2,2
433,4,2018,2018/12/22 6:56 AM,2,2,2
434,4,2018,2018/12/21 7:00 AM,2,2,1
435,4,2018,2018/12/20 6:56 AM,2,2,1
436,4,2018,2018/12/19 6:53 AM,2,2,2
437,4,2018,2018/12/18 7:15 AM,2,2,2
438,4,2018,2018/12/17 6:09 AM,2,2,2
439,4,2018,2018/12/16 6:48 AM,2,2,2
440,4,2018,2018/12/15 7:22 AM,2,2,2
441,4,2018,2018/12/14 6:53 AM,2,2,2
442,4,2018,2018/12/13 7:38 AM,3,3,2
443,4,2018,2018/12/12 6:41 AM,2,2,2
444,4,2018,2018/12/11 6:59 AM,2,2,2
445,4,2018,2018/12/10 6:52 AM,2,2,2
446,4,2018,2018/12/09 7:10 AM,2,2,2
447,4,2018,2018/12/08 6:45 AM,2,2,2
448,4,2018,2018/12/07 7:02 AM,3,2,2
449,4,2018,2018/12/06 7:03 AM,3,2,2
450,4,2018,2018/12/05 6:48 AM,3,3,2
451,4,2018,2018/12/04 7:07 AM,3,3,2
452,4,2018,2018/12/03 7:25 AM,3,3,2
453,4,2018,2018/12/02 6:55 AM,3,3,3
454,4,2018,2018/12/01 7:03 AM,3,3,3
455,4,2018,2018/11/30 7:10 AM,3,3,3
456,4,2018,2018/11/29 6:57 AM,3,3,2
457,4,2018,2018/11/28 7:17 AM,2,2,2
458,4,2018,2018/11/27 7:13 AM,2,2,2
459,4,2018,2018/11/26 7:29 AM,3,3,2
460,4,2018,2018/11/25 7:22 AM,3,3,3
461,4,2018,2018/11/24 7:20 AM,3,3,3
462,4,2018,2018/11/23 7:15 AM,2,2,1
463,4,2018,2018/11/22 6:48 AM,1,1,1
464,4,2018,2018/11/21 7:00 AM,1,1,1
465,4,2018,2018/11/20 6:46 AM,1,1,1
466,4,2018,2018/11/19 7:08 AM,1,1,1
467,4,2018,2018/11/18 6:39 AM,2,1,1
468,4,2018,2018/11/17 6:51 AM,2,2,1
469,4,2018,2018/11/16 6:28 AM,2,2,1
470,4,2018,2018/11/15 7:36 AM,2,2,1
471,4,2018,2018/10/30 10:50 AM,0,0,0
472,4,2018,2018/04/22 6:32 AM,2,2,2
473,4,2018,2018/04/21 7:13 AM,2,2,1
474,4,2018,2018/04/20 7:26 AM,2,2,1
475,4,2018,2018/04/19 6:54 AM,2,2,1
476,4,2018,2018/04/18 6:32 AM,2,2,1
477,4,2018,2018/04/17 6:45 AM,2,2,1
478,4,2018,2018/04/16 6:35 AM,2,2,2
479,4,2018,2018/04/15 6:40 AM,2,2,1
480,4,2018,2018/04/14 6:20 AM,2,2,1
481,4,2018,2018/04/13 6:50 AM,2,2,1
482,4,2018,2018/04/12 7:24 AM,2,2,2
483,4,2018,2018/04/11 6:40 AM,2,3,3
484,4,2018,2018/04/10 6:11 AM,2,2,2
485,4,2018,2018/04/09 7:07 AM,3,3,2
486,4,2018,2018/04/08 7:02 AM,3,4,4
487,4,2018,2018/04/07 8:06 AM,2,3,3
488,4,2018,2018/04/06 7:04 AM,2,2,2
489,4,2018,2018/04/05 6:58 AM,1,1,2
490,4,2018,2018/04/04 6:38 AM,1,1,1
491,4,2018,2018/04/03 6:53 AM,2,1,1
492,4,2018,2018/04/02 7:01 AM,2,2,2
493,4,2018,2018/04/01 6:17 AM,2,2,2
494,4,2018,2018/03/31 7:02 AM,2,2,1
495,4,2018,2018/03/30 7:22 AM,2,2,1
496,4,2018,2018/03/29 6:54 AM,2,2,1
497,4,2018,2018/03/28 6:40 AM,2,2,1
498,4,2018,2018/03/27 7:10 AM,2,2,1
499,4,2018,2018/03/26 6:51 AM,2,2,1
500,4,2018,2018/03/25 6:47 AM,2,2,2
501,4,2018,2018/03/24 7:16 AM,3,3,3
502,4,2018,2018/03/23 7:49 AM,2,2,3
503,4,2018,2018/03/22 7:22 AM,2,2,2
504,4,2018,2018/03/21 6:45 AM,2,1,1
505,4,2018,2018/03/20 6:16 AM,2,1,1
506,4,2018,2018/03/19 7:01 AM,2,2,1
507,4,2018,2018/03/18 7:06 AM,2,2,1
508,4,2018,2018/03/17 6:48 AM,2,2,2
509,4,2018,2018/03/16 7:04 AM,2,2,1
510,4,2018,2018/03/15 7:04 AM,2,2,2
511,4,2018,2018/03/14 6:22 AM,2,2,2
512,4,2018,2018/03/13 6:16 AM,2,2,1
513,4,2018,2018/03/12 6:34 AM,2,2,1
514,4,2018,2018/03/11 7:18 AM,2,2,1
515,4,2018,2018/03/10 6:41 AM,2,1,1
516,4,2018,2018/03/09 7:08 AM,2,2,2
517,4,2018,2018/03/08 7:36 AM,2,2,2
518,4,2018,2018/03/07 6:35 AM,2,2,2
519,4,2018,2018/03/06 6:53 AM,2,2,2
520,4,2018,2018/03/05 6:56 AM,3,2,2
521,4,2018,2018/03/04 5:50 AM,2,2,2
522,4,2018,2018/03/03 7:13 AM,2,2,2
523,4,2018,2018/03/02 6:45 AM,2,2,2
524,4,2018,2018/03/01 6:24 AM,2,2,2
525,4,2018,2018/02/28 7:21 AM,2,2,2
526,4,2018,2018/02/27 6:35 AM,2,2,2
527,4,2018,2018/02/26 6:55 AM,2,2,2
528,4,2018,2018/02/25 7:24 AM,2,2,2
529,4,2018,2018/02/24 6:24 AM,3,3,3
530,4,2018,2018/02/23 6:50 AM,3,3,3
531,4,2018,2018/02/22 7:06 AM,3,3,3
532,4,2018,2018/02/21 6:53 AM,3,3,3
533,4,2018,2018/02/20 5:55 AM,4,4,4
534,4,2018,2018/02/19 7:51 AM,4,4,4
535,4,2018,2018/02/18 7:10 AM,3,3,3
536,4,2018,2018/02/17 6:49 AM,3,3,3
537,4,2018,2018/02/16 7:26 AM,4,3,3
538,4,2018,2018/02/15 7:38 AM,3,3,3
539,4,2018,2018/02/14 7:04 AM,3,3,2
540,4,2018,2018/02/13 6:56 AM,3,3,3
541,4,2018,2018/02/12 7:29 AM,3,3,2
542,4,2018,2018/02/11 6:08 AM,3,3,3
543,4,2018,2018/02/10 7:24 AM,3,3,3
544,4,2018,2018/02/09 7:04 AM,2,2,1
545,4,2018,2018/02/08 6:33 AM,2,2,1
546,4,2018,2018/02/07 7:01 AM,2,2,2
547,4,2018,2018/02/06 6:48 AM,2,2,2
548,4,2018,2018/02/05 7:24 AM,2,2,1
549,4,2018,2018/02/04 6:51 AM,2,2,1
550,4,2018,2018/02/03 6:54 AM,2,2,1
551,4,2018,2018/02/02 6:20 AM,2,2,1
552,4,2018,2018/02/01 6:58 AM,2,2,1
553,4,2018,2018/01/31 6:37 AM,2,2,1
554,4,2018,2018/01/30 6:40 AM,2,2,1
555,4,2018,2018/01/29 6:48 AM,2,2,2
556,4,2018,2018/01/28 6:33 AM,2,2,2
557,4,2018,2018/01/27 7:14 AM,2,2,2
558,4,2018,2018/01/26 7:00 AM,2,2,2
559,4,2018,2018/01/25 6:58 AM,2,2,2
560,4,2018,2018/01/24 6:47 AM,2,2,2
561,4,2018,2018/01/23 6:12 AM,2,2,2
562,4,2018,2018/01/22 6:53 AM,3,3,2
563,4,2018,2018/01/21 7:49 AM,3,3,3
564,4,2018,2018/01/20 7:32 AM,2,2,2
565,4,2018,2018/01/19 6:29 AM,2,2,2
566,4,2018,2018/01/18 6:40 AM,2,2,2
567,4,2018,2018/01/17 7:05 AM,2,2,2
568,4,2018,2018/01/16 7:03 AM,2,2,2
569,4,2018,2018/01/15 7:02 AM,2,2,2
570,4,2018,2018/01/14 6:03 AM,2,2,2
571,4,2018,2018/01/13 7:07 AM,3,3,2
572,4,2018,2018/01/12 7:29 AM,3,3,2
573,4,2018,2018/01/11 7:46 AM,3,3,3
574,4,2018,2018/01/10 7:03 AM,3,3,3
575,4,2018,2018/01/09 6:58 AM,2,2,2
576,4,2018,2018/01/08 6:46 AM,2,2,2
577,4,2018,2018/01/07 7:12 AM,2,2,2
578,4,2018,2018/01/06 6:40 AM,1,1,1
579,4,2018,2018/01/05 6:22 AM,1,1,1
580,4,2018,2018/01/04 6:35 AM,1,1,1
581,4,2018,2018/01/03 6:56 AM,2,2,1
582,4,2018,2018/01/02 6:58 AM,2,2,1
583,4,2018,2018/01/01 6:51 AM,2,2,2
584,4,2017,2017/12/31 7:13 AM,2,2,2
585,4,2017,2017/12/30 6:37 AM,2,2,2
586,4,2017,2017/12/29 6:49 AM,3,3,2
587,4,2017,2017/12/28 7:10 AM,3,3,2
588,4,2017,2017/12/27 7:16 AM,3,3,3
589,4,2017,2017/12/26 7:01 AM,3,3,3
590,4,2017,2017/12/25 7:00 AM,2,2,2
591,4,2017,2017/12/24 7:34 AM,2,2,2
592,4,2017,2017/12/23 8:11 AM,3,2,2
593,4,2017,2017/12/22 7:19 AM,2,2,2
594,4,2017,2017/12/21 7:02 AM,2,2,2
595,4,2017,2017/12/20 7:00 AM,1,1,1
596,4,2017,2017/12/19 5:59 AM,1,1,1
597,4,2017,2017/12/18 6:50 AM,1,1,1
598,4,2017,2017/12/17 6:28 AM,1,1,1
599,4,2017,2017/12/16 6:37 AM,1,1,1
600,4,2017,2017/12/15 6:45 AM,1,1,1
601,4,2017,2017/12/14 6:25 AM,1,1,1
602,4,2017,2017/12/13 6:26 AM,1,1,1
603,4,2017,2017/12/12 6:31 AM,1,1,1
604,4,2017,2017/12/11 6:20 AM,1,1,1
605,4,2017,2017/12/10 6:45 AM,1,1,1
606,4,2017,2017/12/09 6:32 AM,1,1,1
607,4,2017,2017/12/08 6:06 AM,1,1,1
608,4,2017,2017/12/07 6:56 AM,1,1,1
609,4,2017,2017/12/06 6:32 AM,1,1,1
610,4,2017,2017/12/05 6:01 AM,2,2,1
611,4,2017,2017/12/04 6:49 AM,2,2,1
612,4,2017,2017/12/03 7:16 AM,1,1,1
613,4,2017,2017/12/02 6:01 AM,1,1,1
614,4,2017,2017/12/01 6:33 AM,1,1,1
615,4,2017,2017/11/30 6:18 AM,2,2,1
616,4,2017,2017/11/29 6:32 AM,2,2,1
617,4,2017,2017/11/28 6:51 AM,2,2,1
618,4,2017,2017/11/27 7:05 AM,2,2,1
619,4,2017,2017/11/26 6:52 AM,2,2,1
620,4,2017,2017/11/25 6:17 AM,2,2,1
621,4,2017,2017/11/24 6:26 AM,2,2,1
622,4,2017,2017/11/23 6:30 AM,2,2,1
623,4,2017,2017/11/22 6:38 AM,2,2,1
624,4,2017,2017/11/21 6:39 AM,2,2,1
625,4,2017,2017/07/12 9:25 AM,0,0,0
626,4,2017,2017/05/18 10:10 AM,0,0,0
627,4,2017,2017/04/16 6:14 AM,1,1,1
628,4,2017,2017/04/15 5:13 AM,1,1,1
629,4,2017,2017/04/14 6:53 AM,1,1,1
630,4,2017,2017/04/13 5:56 AM,1,1,1
631,4,2017,2017/04/12 6:47 AM,1,1,1
632,4,2017,2017/04/11 6:23 AM,1,1,1
633,4,2017,2017/04/10 6:13 AM,1,1,1
634,4,2017,2017/04/09 7:18 AM,1,1,1
635,4,2017,2017/04/08 7:22 AM,1,1,1
636,4,2017,2017/04/07 6:53 AM,2,2,2
637,4,2017,2017/04/06 6:53 AM,2,2,1
638,4,2017,2017/04/05 7:17 AM,2,2,1
639,4,2017,2017/04/04 6:58 AM,2,2,1
640,4,2017,2017/04/03 6:54 AM,2,1,1
641,4,2017,2017/04/02 7:35 AM,1,1,1
642,4,2017,2017/04/01 7:00 AM,2,1,1
643,4,2017,2017/03/31 7:27 AM,2,1,1
644,4,2017,2017/03/30 7:34 AM,2,1,1
645,4,2017,2017/03/29 7:11 AM,2,2,1
646,4,2017,2017/03/28 7:13 AM,2,1,1
647,4,2017,2017/03/27 7:07 AM,1,1,1
648,4,2017,2017/03/26 7:04 AM,1,1,1
649,4,2017,2017/03/25 6:14 AM,2,1,1
650,4,2017,2017/03/24 6:53 AM,2,2,2
651,4,2017,2017/03/23 6:52 AM,1,2,2
652,4,2017,2017/03/22 7:20 AM,2,2,2
653,4,2017,2017/03/21 6:44 AM,2,2,2
654,4,2017,2017/03/20 6:18 AM,2,2,2
655,4,2017,2017/03/19 5:36 AM,2,2,2
656,4,2017,2017/03/18 7:20 AM,2,2,2
657,4,2017,2017/03/17 7:37 AM,2,2,2
658,4,2017,2017/03/16 6:29 AM,2,2,2
659,4,2017,2017/03/15 6:38 AM,1,2,2
660,4,2017,2017/03/14 6:54 AM,1,2,2
661,4,2017,2017/03/13 6:58 AM,1,1,1
662,4,2017,2017/03/12 6:48 AM,2,2,1
663,4,2017,2017/03/11 6:43 AM,2,2,1
664,4,2017,2017/03/10 7:03 AM,2,2,1
665,4,2017,2017/03/09 7:02 AM,2,2,1
666,4,2017,2017/03/08 7:23 AM,2,2,1
667,4,2017,2017/03/07 4:58 AM,2,2,1
668,4,2017,2017/03/06 7:05 AM,2,2,1
669,4,2017,2017/03/05 7:12 AM,2,2,2
670,4,2017,2017/03/04 7:37 AM,2,2,2
671,4,2017,2017/03/03 7:30 AM,3,3,2
672,4,2017,2017/03/02 7:08 AM,3,3,2
673,4,2017,2017/03/01 7:40 AM,3,3,2
674,4,2017,2017/02/28 7:23 AM,3,3,2
675,4,2017,2017/02/27 7:05 AM,2,2,1
676,4,2017,2017/02/26 6:55 AM,2,2,1
677,4,2017,2017/02/25 6:37 AM,3,2,1
678,4,2017,2017/02/24 7:27 AM,3,2,1
679,4,2017,2017/02/23 7:06 AM,2,2,1
680,4,2017,2017/02/22 5:40 AM,2,2,1
681,4,2017,2017/02/21 6:49 AM,2,2,1
682,4,2017,2017/02/20 7:14 AM,2,2,1
683,4,2017,2017/02/19 7:28 AM,2,2,1
684,4,2017,2017/02/18 7:14 AM,2,2,1
685,4,2017,2017/02/17 7:20 AM,2,2,1
686,4,2017,2017/02/16 6:37 AM,2,2,1
687,4,2017,2017/02/15 7:08 AM,2,2,2
688,4,2017,2017/02/14 7:05 AM,2,2,2
689,4,2017,2017/02/13 7:14 AM,2,2,2
690,4,2017,2017/02/12 6:43 AM,2,2,2
691,4,2017,2017/02/11 6:56 AM,2,2,3
692,4,2017,2017/02/10 7:45 AM,2,2,3
693,4,2017,2017/02/09 7:31 AM,3,3,2
694,4,2017,2017/02/08 6:57 AM,3,3,2
695,4,2017,2017/02/07 7:28 AM,3,3,2
696,4,2017,2017/02/06 6:18 AM,2,2,1
697,4,2017,2017/02/05 6:56 AM,2,1,1
698,4,2017,2017/02/04 6:23 AM,2,1,1
699,4,2017,2017/02/03 7:08 AM,2,2,1
700,4,2017,2017/02/02 6:59 AM,2,2,1
701,4,2017,2017/02/01 7:51 AM,2,2,1
702,4,2017,2017/01/31 6:22 AM,2,1,1
703,4,2017,2017/01/30 5:55 AM,2,2,1
704,4,2017,2017/01/29 7:31 AM,2,2,2
705,4,2017,2017/01/28 6:13 AM,2,2,2
706,4,2017,2017/01/27 5:54 AM,2,2,2
707,4,2017,2017/01/26 6:51 AM,2,2,2
708,4,2017,2017/01/25 7:11 AM,3,2,2
709,4,2017,2017/01/24 6:40 AM,3,3,3
710,4,2017,2017/01/23 7:16 AM,4,3,3
711,4,2017,2017/01/22 7:27 AM,3,3,2
712,4,2017,2017/01/21 6:44 AM,3,3,2
713,4,2017,2017/01/20 7:30 AM,2,2,2
714,4,2017,2017/01/19 6:57 AM,2,2,2
715,4,2017,2017/01/18 7:23 AM,2,2,2
716,4,2017,2017/01/17 6:50 AM,2,2,2
717,4,2017,2017/01/16 7:27 AM,2,2,2
718,4,2017,2017/01/15 7:18 AM,2,2,2
719,4,2017,2017/01/14 7:19 AM,3,3,2
720,4,2017,2017/01/13 7:29 AM,3,3,3
721,4,2017,2017/01/12 7:31 AM,3,3,3
722,4,2017,2017/01/11 7:23 AM,4,4,3
723,4,2017,2017/01/10 6:53 AM,4,4,4
724,4,2017,2017/01/09 7:14 AM,4,4,4
725,4,2017,2017/01/08 7:02 AM,3,2,2
726,4,2017,2017/01/07 6:54 AM,3,2,2
727,4,2017,2017/01/06 7:39 AM,3,3,2
728,4,2017,2017/01/05 7:06 AM,4,3,3
729,4,2017,2017/01/04 7:40 AM,3,3,3
730,4,2017,2017/01/03 7:27 AM,3,3,2
731,4,2017,2017/01/02 7:12 AM,2,2,1
732,4,2017,2017/01/01 8:00 AM,2,1,1
733,4,2016,2016/12/31 7:58 AM,2,2,1
734,4,2016,2016/12/30 7:04 AM,2,2,1
735,4,2016,2016/12/29 6:58 AM,2,2,1
736,4,2016,2016/12/28 7:43 AM,2,2,2
737,4,2016,2016/12/27 7:01 AM,2,2,2
738,4,2016,2016/12/26 7:35 AM,3,2,2
739,4,2016,2016/12/25 7:55 AM,3,3,2
740,4,2016,2016/12/24 7:36 AM,2,2,2
741,4,2016,2016/12/23 7:23 AM,3,3,3
742,4,2016,2016/12/22 6:53 AM,2,2,1
743,4,2016,2016/12/21 6:54 AM,2,2,1
744,4,2016,2016/12/20 6:32 AM,2,2,1
745,4,2016,2016/12/19 7:24 AM,3,2,2
746,4,2016,2016/12/18 7:00 AM,3,3,3
747,4,2016,2016/12/17 7:02 AM,4,4,4
748,4,2016,2016/12/16 7:23 AM,4,4,3
749,4,2016,2016/12/15 7:31 AM,2,2,1
750,4,2016,2016/12/14 7:01 AM,2,2,1
751,4,2016,2016/12/13 7:11 AM,3,2,1
752,4,2016,2016/12/12 7:43 AM,3,2,1
753,4,2016,2016/12/11 7:17 AM,3,2,2
754,4,2016,2016/12/10 7:03 AM,2,2,1
755,4,2016,2016/12/09 6:51 AM,2,2,1
756,4,2016,2016/12/08 7:13 AM,2,2,1
757,4,2016,2016/12/07 7:35 AM,3,2,1
758,4,2016,2016/12/06 7:11 AM,2,2,1
759,4,2016,2016/12/05 6:21 AM,2,2,1
760,4,2016,2016/12/04 7:15 AM,2,2,1
761,4,2016,2016/12/03 7:23 AM,2,2,1
762,4,2016,2016/12/02 7:00 AM,2,2,1
763,4,2016,2016/12/01 8:08 AM,2,2,1
764,4,2016,2016/11/30 7:06 AM,3,2,1
765,4,2016,2016/11/29 7:10 AM,3,2,1
766,4,2016,2016/11/28 7:21 AM,3,2,1
767,4,2016,2016/11/27 7:19 AM,2,2,1
768,4,2016,2016/11/26 6:31 AM,2,1,1
769,4,2016,2016/11/25 6:24 AM,2,1,1
770,4,2016,2016/11/24 6:42 AM,2,1,1
771,4,2016,2016/11/23 7:23 AM,2,1,1
772,4,2016,2016/04/20 6:58 AM,2,2,1
773,4,2016,2016/04/19 7:16 AM,2,2,1
774,4,2016,2016/04/18 6:56 AM,2,2,2
775,4,2016,2016/04/17 6:59 AM,2,2,2
776,4,2016,2016/04/16 7:25 AM,2,2,2
777,4,2016,2016/04/15 7:13 AM,1,1,1
778,4,2016,2016/04/14 7:14 AM,1,2,2
779,4,2016,2016/04/13 6:39 AM,1,2,2
780,4,2016,2016/04/12 6:22 AM,1,2,2
781,4,2016,2016/04/11 6:46 AM,1,2,2
782,4,2016,2016/04/10 7:01 AM,1,2,2
783,4,2016,2016/04/09 6:59 AM,1,1,1
784,4,2016,2016/04/08 6:15 AM,1,1,1
785,4,2016,2016/04/07 6:00 AM,2,1,1
786,4,2016,2016/04/06 6:41 AM,2,2,1
787,4,2016,2016/04/05 7:04 AM,2,2,2
788,4,2016,2016/04/04 6:40 AM,2,2,1
789,4,2016,2016/04/03 6:57 AM,2,2,1
790,4,2016,2016/04/02 7:05 AM,2,2,2
791,4,2016,2016/04/01 6:31 AM,2,1,1
792,4,2016,2016/03/31 6:54 AM,2,2,1
793,4,2016,2016/03/30 7:29 AM,2,2,1
794,4,2016,2016/03/29 7:16 AM,2,2,2
795,4,2016,2016/03/28 7:13 AM,2,2,1
796,4,2016,2016/03/27 7:13 AM,2,2,2
797,4,2016,2016/03/26 7:39 AM,3,3,2
798,4,2016,2016/03/25 6:45 AM,2,2,1
799,4,2016,2016/03/24 7:47 AM,2,2,1
800,4,2016,2016/03/23 7:25 AM,3,2,1
801,4,2016,2016/03/22 7:37 AM,2,2,2
802,4,2016,2016/03/21 7:13 AM,2,2,2
803,4,2016,2016/03/20 7:18 AM,2,2,1
804,4,2016,2016/03/19 7:18 AM,2,2,1
805,4,2016,2016/03/18 7:53 AM,2,2,1
806,4,2016,2016/03/17 7:28 AM,3,2,2
807,4,2016,2016/03/16 7:36 AM,3,3,2
808,4,2016,2016/03/15 7:35 AM,3,3,2
809,4,2016,2016/03/14 7:26 AM,1,1,1
810,4,2016,2016/03/13 6:57 AM,1,1,1
811,4,2016,2016/03/12 7:22 AM,1,1,1
812,4,2016,2016/03/11 6:43 AM,2,2,2
813,4,2016,2016/03/10 6:39 AM,2,2,2
814,4,2016,2016/03/09 6:57 AM,2,2,1
815,4,2016,2016/03/08 7:15 AM,2,2,1
816,4,2016,2016/03/07 7:22 AM,2,2,2
817,4,2016,2016/03/06 7:21 AM,1,1,1
818,4,2016,2016/03/05 6:22 AM,1,1,1
819,4,2016,2016/03/04 7:03 AM,1,1,1
820,4,2016,2016/03/03 6:52 AM,1,1,1
821,4,2016,2016/03/02 7:08 AM,1,1,1
822,4,2016,2016/03/01 7:16 AM,1,1,1
823,4,2016,2016/02/29 6:54 AM,1,1,1
824,4,2016,2016/02/28 6:39 AM,1,1,1
825,4,2016,2016/02/27 7:18 AM,1,1,1
826,4,2016,2016/02/26 6:32 AM,1,1,1
827,4,2016,2016/02/25 6:33 AM,1,1,1
828,4,2016,2016/02/24 6:59 AM,1,1,1
829,4,2016,2016/02/23 7:11 AM,1,1,1
830,4,2016,2016/02/22 7:17 AM,1,1,1
831,4,2016,2016/02/21 7:25 AM,1,1,1
832,4,2016,2016/02/20 7:07 AM,2,1,1
833,4,2016,2016/02/19 7:14 AM,2,2,1
834,4,2016,2016/02/18 7:18 AM,2,2,2
835,4,2016,2016/02/17 7:27 AM,2,2,2
836,4,2016,2016/02/16 7:15 AM,2,2,2
837,4,2016,2016/02/15 7:08 AM,2,2,1
838,4,2016,2016/02/14 7:31 AM,2,2,1
839,4,2016,2016/02/13 6:25 AM,2,2,1
840,4,2016,2016/02/12 6:47 AM,2,2,1
841,4,2016,2016/02/11 7:10 AM,2,2,2
842,4,2016,2016/02/10 7:20 AM,2,2,2
843,4,2016,2016/02/09 6:58 AM,2,2,2
844,4,2016,2016/02/08 7:24 AM,2,2,2
845,4,2016,2016/02/07 7:13 AM,2,2,2
846,4,2016,2016/02/06 7:11 AM,3,2,2
847,4,2016,2016/02/05 6:36 AM,3,3,3
848,4,2016,2016/02/04 8:21 AM,3,3,3
849,4,2016,2016/02/03 7:20 AM,3,3,3
850,4,2016,2016/02/02 7:29 AM,4,4,4
851,4,2016,2016/02/01 7:18 AM,4,4,4
852,4,2016,2016/01/31 7:17 AM,3,3,3
853,4,2016,2016/01/30 7:39 AM,2,1,1
854,4,2016,2016/01/29 7:15 AM,2,1,1
855,4,2016,2016/01/28 7:10 AM,2,2,1
856,4,2016,2016/01/27 7:20 AM,2,2,1
857,4,2016,2016/01/26 7:14 AM,2,2,1
858,4,2016,2016/01/25 7:40 AM,2,2,1
859,4,2016,2016/01/24 7:28 AM,2,2,1
860,4,2016,2016/01/23 7:09 AM,2,2,2
861,4,2016,2016/01/22 7:29 AM,2,2,2
862,4,2016,2016/01/21 7:14 AM,2,2,2
863,4,2016,2016/01/20 7:31 AM,3,2,2
864,4,2016,2016/01/19 7:23 AM,3,2,2
865,4,2016,2016/01/18 7:24 AM,3,2,2
866,4,2016,2016/01/17 7:45 AM,3,2,2
867,4,2016,2016/01/16 7:10 AM,2,2,1
868,4,2016,2016/01/15 7:51 AM,2,2,1
869,4,2016,2016/01/14 6:39 AM,1,1,1
870,4,2016,2016/01/13 6:58 AM,2,1,1
871,4,2016,2016/01/12 7:09 AM,2,2,1
872,4,2016,2016/01/11 7:17 AM,1,2,1
873,4,2016,2016/01/10 7:43 AM,1,2,1
874,4,2016,2016/01/09 7:08 AM,2,2,1
875,4,2016,2016/01/08 7:04 AM,2,2,1
876,4,2016,2016/01/07 7:43 AM,2,2,1
877,4,2016,2016/01/06 7:36 AM,2,2,1
878,4,2016,2016/01/05 6:45 AM,2,2,1
879,4,2016,2016/01/04 7:45 AM,2,2,1
880,4,2016,2016/01/03 7:15 AM,2,2,1
881,4,2016,2016/01/02 6:54 AM,2,2,1
882,4,2016,2016/01/01 6:58 AM,2,2,1
883,4,2015,2015/12/31 6:50 AM,2,2,2
884,4,2015,2015/12/30 7:33 AM,2,2,2
885,4,2015,2015/12/29 6:33 AM,3,2,2
886,4,2015,2015/12/28 7:06 AM,3,3,2
887,4,2015,2015/12/27 7:40 AM,3,3,2
888,4,2015,2015/12/26 7:30 AM,3,3,3
889,4,2015,2015/12/25 7:06 AM,3,3,3
890,4,2015,2015/12/24 7:44 AM,3,3,3
891,4,2015,2015/12/23 7:26 AM,3,3,3
892,4,2015,2015/12/22 8:00 AM,3,3,3
893,4,2015,2015/12/21 7:36 AM,2,2,2
894,4,2015,2015/12/20 7:12 AM,2,2,1
895,4,2015,2015/12/19 7:08 AM,2,2,1
896,4,2015,2015/12/18 7:12 AM,3,2,2
897,4,2015,2015/12/17 7:02 AM,3,2,2
898,4,2015,2015/12/16 7:28 AM,3,2,2
899,4,2015,2015/12/15 7:56 AM,3,3,2
900,4,2015,2015/12/14 7:41 AM,2,2,1
901,4,2015,2015/12/13 7:32 AM,2,1,1
902,4,2015,2015/12/12 8:46 AM,2,2,1
903,4,2015,2015/12/11 6:54 AM,2,1,1
904,4,2015,2015/12/10 7:08 AM,2,1,1
905,4,2015,2015/12/09 7:15 AM,2,1,1
906,4,2015,2015/12/08 7:14 AM,2,1,1
907,4,2015,2015/12/07 7:15 AM,2,1,1
908,4,2015,2015/12/06 7:36 AM,2,2,1
909,4,2015,2015/12/05 7:07 AM,2,2,1
910,4,2015,2015/12/04 6:19 AM,2,2,1
911,4,2015,2015/12/03 7:07 AM,2,2,1
912,4,2015,2015/12/02 7:02 AM,2,2,1
913,4,2015,2015/12/01 7:32 AM,2,2,1
914,4,2015,2015/11/30 7:32 AM,2,2,1
915,4,2015,2015/11/29 7:26 AM,2,2,1
916,4,2015,2015/11/28 7:36 AM,2,2,1
917,4,2015,2015/11/27 7:11 AM,2,2,1
918,4,2015,2015/11/26 6:59 AM,2,2,1
919,4,2015,2015/11/25 7:35 AM,2,2,1
920,4,2015,2015/11/24 7:07 AM,2,2,1
921,4,2015,2015/11/23 7:37 AM,2,2,1
922,4,2015,2015/11/22 7:29 AM,2,2,1
923,4,2015,2015/11/21 7:26 AM,2,2,1
924,4,2015,2015/11/20 7:20 AM,2,2,1
925,4,2015,2015/11/19 7:57 AM,2,2,1
926,4,2015,2015/11/18 7:34 AM,3,3,1
927,4,2015,2015/11/17 7:26 AM,3,3,2
928,4,2015,2015/11/16 7:16 AM,3,3,2
929,4,2015,2015/11/15 7:36 AM,2,1,1
930,4,2015,2015/11/14 7:07 AM,2,2,1
931,4,2015,2015/11/13 7:09 AM,2,2,1
932,4,2015,2015/04/05 6:41 AM,1,1,1
933,4,2015,2015/04/04 6:39 AM,1,1,1
934,4,2015,2015/04/03 6:33 AM,1,1,1
935,4,2015,2015/04/02 7:45 AM,1,1,1
936,4,2015,2015/04/01 7:33 AM,1,2,2
937,4,2015,2015/03/31 6:11 AM,1,2,2
938,4,2015,2015/03/30 6:41 AM,1,2,2
939,4,2015,2015/03/29 7:04 AM,1,2,2
940,4,2015,2015/03/28 6:44 AM,1,2,2
941,4,2015,2015/03/27 6:36 AM,2,1,2
942,4,2015,2015/03/26 7:37 AM,2,1,1
943,4,2015,2015/03/25 7:13 AM,2,1,1
944,4,2015,2015/03/24 7:29 AM,2,1,1
945,4,2015,2015/03/23 7:22 AM,2,2,2
946,4,2015,2015/03/22 6:56 AM,2,2,3
947,4,2015,2015/03/21 7:04 AM,2,2,3
948,4,2015,2015/03/20 7:05 AM,2,2,2
949,4,2015,2015/03/19 8:05 AM,2,2,2
950,4,2015,2015/03/18 7:48 AM,2,2,2
951,4,2015,2015/03/17 7:51 AM,2,2,2
952,4,2015,2015/03/16 7:48 AM,2,2,1
953,4,2015,2015/03/15 7:05 AM,2,2,1
954,4,2015,2015/03/14 6:57 AM,2,2,1
955,4,2015,2015/03/13 7:08 AM,2,2,1
956,4,2015,2015/03/12 7:16 AM,2,2,2
957,4,2015,2015/03/11 7:08 AM,2,2,2
958,4,2015,2015/03/10 6:59 AM,2,2,2
959,4,2015,2015/03/09 7:09 AM,2,2,2
960,4,2015,2015/03/08 7:02 AM,3,2,2
961,4,2015,2015/03/07 7:11 AM,3,3,3
962,4,2015,2015/03/06 6:42 AM,3,3,3
963,4,2015,2015/03/05 7:40 AM,3,3,3
964,4,2015,2015/03/04 7:14 AM,4,4,3
965,4,2015,2015/03/03 6:38 AM,4,4,3
966,4,2015,2015/03/02 7:22 AM,4,3,3
967,4,2015,2015/03/01 9:14 AM,3,3,3
968,4,2015,2015/02/28 6:05 AM,3,3,2
969,4,2015,2015/02/27 6:19 AM,3,3,2
970,4,2015,2015/02/26 7:03 AM,3,3,2
971,4,2015,2015/02/25 7:19 AM,3,3,2
972,4,2015,2015/02/24 7:18 AM,3,3,3
973,4,2015,2015/02/23 12:15 PM,3,3,3
974,4,2015,2015/02/22 8:00 AM,3,3,2
975,4,2015,2015/02/21 7:48 AM,3,3,3
976,4,2015,2015/02/20 6:58 AM,2,1,1
977,4,2015,2015/02/19 7:34 AM,2,1,1
978,4,2015,2015/02/18 7:28 AM,2,1,1
979,4,2015,2015/02/17 7:14 AM,2,1,1
980,4,2015,2015/02/16 7:20 AM,2,1,1
981,4,2015,2015/02/15 7:07 AM,2,1,1
982,4,2015,2015/02/14 7:06 AM,2,1,1
983,4,2015,2015/02/13 6:59 AM,2,1,1
984,4,2015,2015/02/12 7:27 AM,2,1,1
985,4,2015,2015/02/11 6:48 AM,2,1,1
986,4,2015,2015/02/10 6:44 AM,2,1,1
987,4,2015,2015/02/09 6:48 AM,2,1,1
988,4,2015,2015/02/08 7:11 AM,2,1,1
989,4,2015,2015/02/07 6:35 AM,2,1,1
990,4,2015,2015/02/06 7:30 AM,2,1,1
991,4,2015,2015/02/05 7:13 AM,2,2,1
992,4,2015,2015/02/04 7:15 AM,2,2,1
993,4,2015,2015/02/03 7:27 AM,2,2,1
994,4,2015,2015/02/02 7:17 AM,2,2,1
995,4,2015,2015/02/01 7:51 AM,2,2,1
996,4,2015,2015/01/31 6:36 AM,1,1,1
997,4,2015,2015/01/30 7:15 AM,1,1,1
998,4,2015,2015/01/29 7:29 AM,1,1,1
999,4,2015,2015/01/28 7:42 AM,2,1,1
1000,4,2015,2015/01/27 7:14 AM,2,2,1
1001,4,2015,2015/01/26 7:09 AM,2,2,1
1002,4,2015,2015/01/25 7:07 AM,2,2,1
1003,4,2015,2015/01/24 7:13 AM,2,2,1
1004,4,2015,2015/01/23 6:33 AM,2,2,1
1005,4,2015,2015/01/22 6:28 AM,2,2,1
1006,4,2015,2015/01/21 7:06 AM,2,2,1
1007,4,2015,2015/01/20 7:23 AM,2,2,1
1008,4,2015,2015/01/19 7:15 AM,2,2,1
1009,4,2015,2015/01/18 7:18 AM,2,2,1
1010,4,2015,2015/01/17 7:21 AM,3,2,1
1011,4,2015,2015/01/16 6:46 AM,2,2,1
1012,4,2015,2015/01/15 6:48 AM,2,2,1
1013,4,2015,2015/01/14 7:27 AM,2,2,1
1014,4,2015,2015/01/13 7:58 AM,2,2,2
1015,4,2015,2015/01/12 7:26 AM,2,2,1
1016,4,2015,2015/01/11 6:56 AM,2,2,1
1017,4,2015,2015/01/10 6:02 AM,2,2,2
1018,4,2015,2015/01/09 6:47 AM,2,2,2
1019,4,2015,2015/01/08 7:13 AM,2,2,2
1020,4,2015,2015/01/07 7:21 AM,2,2,2
1021,4,2015,2015/01/06 7:25 AM,2,2,2
1022,4,2015,2015/01/05 7:46 AM,2,2,2
1023,4,2015,2015/01/04 7:33 AM,2,2,2
1024,4,2015,2015/01/03 7:08 AM,2,2,2
1025,4,2015,2015/01/02 7:30 AM,2,2,2
1026,4,2015,2015/01/01 6:58 AM,2,2,2
1027,4,2014,2014/12/31 7:26 AM,2,2,2
1028,4,2014,2014/12/30 7:13 AM,3,2,2
1029,4,2014,2014/12/29 7:48 AM,3,3,2
1030,4,2014,2014/12/28 7:09 AM,3,3,2
1031,4,2014,2014/12/27 7:29 AM,3,3,2
1032,4,2014,2014/12/26 7:08 AM,3,3,3
1033,4,2014,2014/12/25 6:44 AM,3,3,3
1034,4,2014,2014/12/24 7:15 AM,3,3,3
1035,4,2014,2014/12/23 7:40 AM,4,4,3
1036,4,2014,2014/12/22 6:55 AM,4,4,3
1037,4,2014,2014/12/21 7:45 AM,4,4,3
1038,4,2014,2014/12/20 7:35 AM,2,2,1
1039,4,2014,2014/12/19 7:32 AM,2,2,1
1040,4,2014,2014/12/18 6:46 AM,2,2,1
1041,4,2014,2014/12/17 7:18 AM,2,2,1
1042,4,2014,2014/12/16 7:48 AM,2,2,2
1043,4,2014,2014/12/15 7:27 AM,2,2,2
1044,4,2014,2014/12/14 7:27 AM,2,2,2
1045,4,2014,2014/12/13 7:03 AM,1,1,1
1046,4,2014,2014/12/12 5:56 AM,1,1,1
1047,4,2014,2014/12/11 7:00 AM,1,1,1
1048,4,2014,2014/12/10 7:30 AM,1,1,1
1049,4,2014,2014/12/09 6:41 AM,1,2,1
1050,4,2014,2014/12/08 6:48 AM,1,2,1
1051,4,2014,2014/12/07 7:46 AM,1,2,1
1052,4,2014,2014/12/06 6:31 AM,2,2,1
1053,4,2014,2014/12/05 6:32 AM,2,2,1
1054,4,2014,2014/12/04 7:04 AM,2,2,1
1055,4,2014,2014/12/03 7:20 AM,2,2,1
1056,4,2014,2014/12/02 7:09 AM,2,2,1
1057,4,2014,2014/12/01 6:28 AM,2,2,1
1058,4,2014,2014/11/30 7:21 AM,2,2,2
1059,4,2014,2014/11/29 7:11 AM,2,2,2
1060,4,2014,2014/11/28 7:28 AM,2,2,2
1061,4,2014,2014/11/27 7:53 AM,3,2,2
1062,4,2014,2014/11/26 7:49 AM,3,3,2
1063,4,2014,2014/11/25 6:42 AM,3,3,2
1064,4,2014,2014/11/24 7:14 AM,3,3,2
1065,4,2014,2014/11/23 7:17 AM,3,3,2
1066,4,2014,2014/11/22 7:11 AM,2,2,1
1067,4,2014,2014/11/21 7:00 AM,2,2,1
1068,4,2014,2014/11/20 7:25 AM,2,2,1
1069,4,2014,2014/11/19 7:30 AM,2,2,1
1070,4,2014,2014/04/20 6:07 AM,2,2,1
1071,4,2014,2014/04/19 6:40 AM,2,2,1
1072,4,2014,2014/04/18 6:41 AM,2,2,1
1073,4,2014,2014/04/17 7:17 AM,2,2,1
1074,4,2014,2014/04/16 7:02 AM,2,2,1
1075,4,2014,2014/04/15 6:41 AM,2,2,1
1076,4,2014,2014/04/14 7:00 AM,2,2,1
1077,4,2014,2014/04/13 7:43 AM,1,1,1
1078,4,2014,2014/04/12 7:11 AM,2,2,1
1079,4,2014,2014/04/11 7:20 AM,2,2,1
1080,4,2014,2014/04/10 7:56 AM,2,2,1
1081,4,2014,2014/04/09 7:26 AM,2,2,1
1082,4,2014,2014/04/08 6:39 AM,2,1,1
1083,4,2014,2014/04/07 6:56 AM,2,2,1
1084,4,2014,2014/04/06 6:37 AM,2,1,1
1085,4,2014,2014/04/05 7:12 AM,2,1,1
1086,4,2014,2014/04/04 7:30 AM,2,2,1
1087,4,2014,2014/04/03 7:43 AM,2,2,1
1088,4,2014,2014/04/02 7:59 AM,2,2,1
1089,4,2014,2014/04/01 7:52 AM,2,2,1
1090,4,2014,2014/03/31 8:37 AM,3,2,1
1091,4,2014,2014/03/30 7:29 AM,3,2,2
1092,4,2014,2014/03/29 7:16 AM,3,3,2
1093,4,2014,2014/03/28 7:09 AM,3,3,2
1094,4,2014,2014/03/27 7:03 AM,3,3,2
1095,4,2014,2014/03/26 7:22 AM,2,2,1
1096,4,2014,2014/03/25 7:16 AM,2,2,1
1097,4,2014,2014/03/24 6:14 AM,2,2,1
1098,4,2014,2014/03/23 6:13 AM,2,2,1
1099,4,2014,2014/03/22 7:23 AM,2,2,1
1100,4,2014,2014/03/21 7:02 AM,2,2,1
1101,4,2014,2014/03/20 6:02 AM,2,2,1
1102,4,2014,2014/03/19 7:10 AM,2,2,1
1103,4,2014,2014/03/18 7:10 AM,2,2,1
1104,4,2014,2014/03/17 6:35 AM,2,2,1
1105,4,2014,2014/03/16 6:47 AM,2,2,1
1106,4,2014,2014/03/15 7:04 AM,2,2,1
1107,4,2014,2014/03/14 7:14 AM,2,2,1
1108,4,2014,2014/03/13 6:59 AM,2,2,2
1109,4,2014,2014/03/12 7:37 AM,2,2,2
1110,4,2014,2014/03/11 7:27 AM,2,2,2
1111,4,2014,2014/03/10 6:30 AM,2,2,2
1112,4,2014,2014/03/09 6:49 AM,2,2,2
1113,4,2014,2014/03/08 6:57 AM,2,2,2
1114,4,2014,2014/03/07 7:14 AM,2,2,2
1115,4,2014,2014/03/06 6:47 AM,2,2,2
1116,4,2014,2014/03/05 6:45 AM,2,2,2
1117,4,2014,2014/03/04 6:47 AM,2,2,2
1118,4,2014,2014/03/03 6:43 AM,3,3,2
1119,4,2014,2014/03/02 7:12 AM,3,3,3
1120,4,2014,2014/03/01 7:25 AM,4,3,3
1121,4,2014,2014/02/28 7:23 AM,3,2,2
1122,4,2014,2014/02/27 7:07 AM,2,2,2
1123,4,2014,2014/02/26 7:13 AM,3,2,2
1124,4,2014,2014/02/25 7:36 AM,3,2,2
1125,4,2014,2014/02/24 6:19 AM,3,2,2
1126,4,2014,2014/02/23 7:10 AM,3,3,2
1127,4,2014,2014/02/22 6:56 AM,3,3,2
1128,4,2014,2014/02/21 7:08 AM,3,3,2
1129,4,2014,2014/02/20 7:28 AM,3,3,2
1130,4,2014,2014/02/19 7:17 AM,3,3,2
1131,4,2014,2014/02/18 7:43 AM,3,3,2
1132,4,2014,2014/02/17 7:13 AM,3,3,3
1133,4,2014,2014/02/16 8:14 AM,3,3,3
1134,4,2014,2014/02/15 8:06 AM,3,3,3
1135,4,2014,2014/02/14 8:01 AM,3,3,3
1136,4,2014,2014/02/13 7:48 AM,3,3,3
1137,4,2014,2014/02/12 8:08 AM,3,3,3
1138,4,2014,2014/02/11 7:05 AM,4,3,3
1139,4,2014,2014/02/10 7:26 AM,4,4,3
1140,4,2014,2014/02/09 8:23 AM,4,4,3
1141,4,2014,2014/02/08 7:49 AM,4,3,3
1142,4,2014,2014/02/07 7:20 AM,3,3,2
1143,4,2014,2014/02/06 6:59 AM,3,3,2
1144,4,2014,2014/02/05 7:33 AM,3,3,2
1145,4,2014,2014/02/04 7:20 AM,3,3,3
1146,4,2014,2014/02/03 7:32 AM,3,3,3
1147,4,2014,2014/02/02 6:30 AM,3,3,3
1148,4,2014,2014/02/01 7:46 AM,4,4,4
1149,4,2014,2014/01/31 7:27 AM,4,4,4
1150,4,2014,2014/01/30 8:20 AM,3,3,3
1151,4,2014,2014/01/29 7:27 AM,2,2,1
1152,4,2014,2014/01/28 8:08 AM,1,2,1
1153,4,2014,2014/01/27 7:01 AM,1,2,1
1154,4,2014,2014/01/26 6:50 AM,1,2,1
1155,4,2014,2014/01/25 7:05 AM,1,2,1
1156,4,2014,2014/01/24 6:19 AM,2,2,1
1157,4,2014,2014/01/23 6:46 AM,2,2,1
1158,4,2014,2014/01/22 7:17 AM,2,2,2
1159,4,2014,2014/01/21 7:36 AM,2,2,2
1160,4,2014,2014/01/20 7:41 AM,2,2,2
1161,4,2014,2014/01/19 6:19 AM,2,2,2
1162,4,2014,2014/01/18 6:41 AM,2,3,2
1163,4,2014,2014/01/17 7:13 AM,3,3,2
1164,4,2014,2014/01/16 7:37 AM,3,3,2
1165,4,2014,2014/01/15 8:15 AM,3,3,2
1166,4,2014,2014/01/14 6:44 AM,3,3,2
1167,4,2014,2014/01/13 6:32 AM,3,3,2
1168,4,2014,2014/01/12 7:42 AM,3,3,2
1169,4,2014,2014/01/11 7:21 AM,3,3,2
1170,4,2014,2014/01/10 7:53 AM,3,3,2
1171,4,2014,2014/01/09 5:39 AM,2,2,1
1172,4,2014,2014/01/08 7:15 AM,2,2,1
1173,4,2014,2014/01/07 7:12 AM,2,2,2
1174,4,2014,2014/01/06 7:33 AM,3,3,2
1175,4,2014,2014/01/05 7:31 AM,3,3,2
1176,4,2014,2014/01/04 8:18 AM,3,2,1
1177,4,2014,2014/01/03 7:14 AM,2,2,1
1178,4,2014,2014/01/02 7:14 AM,2,2,1
1179,4,2014,2014/01/01 7:34 AM,2,2,1
1180,4,2013,2013/12/31 6:06 AM,2,2,1
1181,4,2013,2013/12/30 6:49 AM,2,2,1
1182,4,2013,2013/12/29 6:57 AM,2,2,1
1183,4,2013,2013/12/28 7:21 AM,2,2,1
1184,4,2013,2013/12/27 7:23 AM,2,2,1
1185,4,2013,2013/12/26 7:41 AM,2,2,1
1186,4,2013,2013/12/25 8:13 AM,2,2,1
1187,4,2013,2013/12/24 7:14 AM,2,2,1
1188,4,2013,2013/12/23 4:37 PM,2,2,1
